{"cameraMode":{"drawMode":0,"name":"Shaded","section":"Shading Mode"},"sceneLighting":true,"audioPlay":false,"sceneViewState":{"showFog":false,"showMaterialUpdate":true,"showSkybox":true,"showFlares":true,"showImageEffects":true,"showParticleSystems":true},"in2DMode":false,"pivot":{"x":-1.1401010751724244,"y":1.0497649908065797,"z":-5.361417770385742},"rotation":{"x":0.08282944560050965,"y":-0.7998422980308533,"z":0.1135302260518074,"w":0.5835390686988831},"size":3.9389641284942629,"orthographic":false}