{"cameraMode":{"drawMode":0,"name":"Shaded","section":"Shading Mode"},"sceneLighting":false,"audioPlay":false,"sceneViewState":{"showFog":false,"showMaterialUpdate":true,"showSkybox":false,"showFlares":true,"showImageEffects":true,"showParticleSystems":true},"in2DMode":false,"pivot":{"x":-0.014488503336906433,"y":0.9846999645233154,"z":7.366649150848389},"rotation":{"x":0.020350860431790353,"y":-0.2463812679052353,"z":0.005174263380467892,"w":0.9689489006996155},"size":1.8534401655197144,"orthographic":false}