{"cameraMode":{"drawMode":0,"name":"Shaded","section":"Shading Mode"},"sceneLighting":false,"audioPlay":false,"sceneViewState":{"showFog":false,"showMaterialUpdate":true,"showSkybox":false,"showFlares":true,"showImageEffects":true,"showParticleSystems":true},"in2DMode":false,"pivot":{"x":0.06722649931907654,"y":0.7539931535720825,"z":0.0431172251701355},"rotation":{"x":0.11969040334224701,"y":-0.4123442769050598,"z":0.054747696965932849,"w":0.9014742970466614},"size":3.0908043384552,"orthographic":false}